{
    "traj":
    [
        {
            "pos": [
                0.21583239399125642,
                -0.33712164008069156,
                1.1001718731548722
              ],
            "orient": [
                0.00038177480611553693,
                0.0,
                -0.47941966522179824,
                0.877585687466823
              ],
            "ts":2
        },
        {
            "pos": [
                0.5796787420447918,
                -0.9033318513021966,
                0.732176171627823
              ],
            "orient": [
                0.2301810752846255,
                0.4207304714457477,
                -0.42055382482532827,
                0.7701538959212241
              ],
            "ts":2
        },
        {
            "pos": [
                1.0731766608543079,
                -1.3997549230855449e-05,
                0.7325603754931818
              ],
            "orient": [
                3.1301501827935153e-06,
                0.47942553851941394,
                -5.718872644506708e-06,
                0.8775825619124771
              ],
            "ts":2
        }
    ],
	"interpolation": "cubic"
}