{
    "pos": [
      0.3509549260588184,
      -0.19207563893143975,
      1.1002794748704972
    ],
    "orient": [
      0.00019701438109553934,
      0.0,
      -0.24740388081060335,
      0.9689124217106448
    ]
  }